Coin Name,Coin Price,Market Cap,Volume,Supply
Bitcoin,"$86,324.90","$1,717,129,111,042","$155,829,920,352","19,781,253 BTC"
Ethereum,"$3,270.57","$394,842,933,706","$69,893,457,781","120,423,718 ETH"
Tether,$1.00,"$124,096,021,900","$296,868,530,892","124,012,870,444 USDT"
Solana,$212.28,"$100,178,622,999","$12,471,335,737","471,915,687 SOL"
BNB,$628.98,"$90,636,127,173","$4,126,007,163","144,099,208 BNB"
Dogecoin,$0.3734,"$54,805,987,245","$40,177,119,517","146,761,706,384 DOGE"
XRP,$0.6983,"$39,712,719,713","$9,321,714,088","56,868,662,755 XRP"
USDC,$0.9997,"$36,572,295,347","$22,743,337,748","36,583,809,662 USDC"
Cardano,$0.578,"$20,239,590,831","$3,329,707,091","35,018,528,522 ADA"
TRON,$0.1783,"$15,406,941,475","$1,766,608,875","86,402,457,783 TRX"
Shiba Inu,$0.00002577,"$15,184,605,140","$6,319,087,230","589,260,555,848,326 SHIB"
Avalanche,$34.30,"$13,972,820,009","$2,158,469,586","407,324,948 AVAX"
Toncoin,$5.33,"$13,560,565,219","$828,095,340","2,545,476,920 TON"
Chainlink,$14.09,"$8,829,354,738","$1,277,811,925","626,849,970 LINK"
Sui,$3.06,"$8,705,910,067","$3,106,428,704","2,845,750,696 SUI"
Bitcoin Cash,$433.43,"$8,576,425,092","$1,361,485,812","19,787,322 BCH"
Polkadot,$5.34,"$8,097,042,785","$1,136,834,726","1,517,342,700 DOT"
Aptos,$12.59,"$6,548,379,051","$1,602,948,989","520,281,993 APT"
NEAR Protocol,$5.14,"$6,263,651,706","$1,644,492,715","1,217,906,155 NEAR"
Litecoin,$76.43,"$5,746,752,573","$1,705,072,892","75,187,743 LTC"
UNUS SED LEO,$6.19,"$5,729,115,352","$11,341,111","924,920,702 LEO"
Pepe,$0.00001297,"$5,454,845,964","$6,801,660,265","420,689,899,999,995 PEPE"
Uniswap,$8.94,"$5,366,945,685","$1,385,826,815","600,425,074 UNI"
Dai,$0.9999,"$5,365,010,590","$301,980,506","5,365,382,703 DAI"
Cronos,$0.173,"$4,596,186,424","$1,221,922,920","26,571,560,696 CRO"
Internet Computer,$8.84,"$4,189,600,533","$302,031,867","473,959,400 ICP"
Bittensor,$545.13,"$4,023,576,976","$755,059,257","7,380,936 TAO"
Stellar,$0.124,"$3,702,831,960","$510,211,669","29,869,169,340 XLM"
Render,$6.98,"$3,613,624,398","$2,201,188,278","517,690,747 RENDER"
Artificial Superintelligence Alliance,$1.43,"$3,489,057,145","$858,508,672","2,434,942,503 FET"
Kaspa,$0.1382,"$3,472,586,551","$312,876,255","25,123,295,125 KAS"
Ethereum Classic,$22.54,"$3,370,214,465","$760,922,934","149,518,797 ETC"
POL (ex-MATIC),$0.3959,"$3,079,271,440","$542,975,187","7,777,471,082 POL"
Stacks,$2.00,"$3,002,316,586","$740,286,364","1,500,399,558 STX"
dogwifhat,$2.93,"$2,925,364,767","$2,098,802,062","998,844,889 WIF"
Monero,$156.59,"$2,888,625,501","$96,644,213","18,446,744 XMR"
Aave,$179.82,"$2,693,037,420","$679,372,150","14,976,413 AAVE"
OKB,$44.54,"$2,672,137,196","$17,943,637","60,000,000 OKB"
Filecoin,$4.25,"$2,543,639,779","$737,175,975","598,560,084 FIL"
Arbitrum,$0.6286,"$2,499,111,186","$1,139,580,974","3,975,409,060 ARB"
Mantle,$0.7389,"$2,487,835,761","$182,393,973","3,366,841,708 MNT"
Injective,$24.22,"$2,394,057,819","$420,294,529","98,848,020 INJ"
First Digital USD,$0.9987,"$2,321,182,762","$21,152,933,614","2,324,214,272 FDUSD"
Bonk,$0.00002993,"$2,242,245,328","$1,613,940,518","74,924,230,610,634 BONK"
Immutable,$1.31,"$2,189,224,088","$236,083,154","1,670,248,659 IMX"
Celestia,$5.20,"$2,152,664,595","$577,500,193","414,090,069 TIA"
VeChain,$0.02645,"$2,142,305,384","$144,875,561","80,985,041,177 VET"
Fantom,$0.747,"$2,094,286,138","$695,904,532","2,803,634,836 FTM"
Cosmos,$5.29,"$2,069,342,948","$438,946,828","390,934,204 ATOM"
Optimism,$1.64,"$2,060,895,753","$838,987,771","1,255,070,491 OP"
Hedera,$0.05439,"$2,049,564,012","$236,071,675","37,680,393,060 HBAR"
THORChain,$5.80,"$1,960,923,757","$686,017,773","338,134,689 RUNE"
Bitget Token,$1.40,"$1,953,171,790","$98,493,492","1,400,000,000 BGB"
Sei,$0.4617,"$1,862,151,189","$801,203,512","4,033,055,555 SEI"
FLOKI,$0.0001907,"$1,831,361,006","$1,263,156,982","9,602,354,516,977 FLOKI"
The Graph,$0.1877,"$1,792,216,067","$257,799,148","9,548,531,509 GRT"
Ethena,$0.5977,"$1,698,764,535","$741,348,462","2,842,187,500 ENA"
Jupiter,$1.15,"$1,551,485,038","$451,944,325","1,350,000,000 JUP"
Popcat (SOL),$1.56,"$1,528,464,888","$239,426,303","979,973,185 POPCAT"
Worldcoin,$2.41,"$1,529,225,369","$1,828,336,203","635,266,594 WLD"
Pyth Network,$0.4062,"$1,472,407,385","$374,687,645","3,624,988,786 PYTH"
Theta Network,$1.43,"$1,430,188,167","$119,074,364","1,000,000,000 THETA"
Maker,"$1,489.51","$1,309,539,292","$280,540,271","879,173 MKR"
KuCoin Token,$10.80,"$1,298,868,552","$3,193,880","120,257,114 KCS"
Algorand,$0.149,"$1,232,087,047","$195,884,891","8,269,287,378 ALGO"
Ondo,$0.8821,"$1,225,890,628","$514,647,626","1,389,759,838 ONDO"
Arweave,$18.04,"$1,184,493,151","$300,931,133","65,652,466 AR"
Raydium,$4.50,"$1,187,479,094","$292,095,470","264,060,322 RAY"
Brett (Based),$0.1172,"$1,161,734,165","$178,944,328","9,910,236,395 BRETT"
Bitcoin SV,$57.99,"$1,147,116,845","$130,327,085","19,782,859 BSV"
MANTRA,$1.34,"$1,142,994,124","$101,820,878","855,144,971 OM"
Neiro (First Neiro On Ethereum),$0.002645,"$1,112,520,961","$2,024,649,979","420,682,127,976 NEIRO"
BitTorrent [New],$0.051092,"$1,057,692,838","$182,303,766","968,246,428,571,000 BTT"
Lido DAO,$1.18,"$1,056,883,212","$405,626,989","895,723,571 LDO"
Starknet,$0.4935,"$1,035,983,948","$379,569,684","2,099,455,075 STRK"
Beam,$0.021,"$1,038,567,928","$80,688,338","49,466,004,168 BEAM"
Helium,$6.02,"$1,025,551,773","$58,280,407","170,472,132 HNT"
JasmyCoin,$0.0205,"$1,012,802,712","$302,354,698","49,394,999,677 JASMY"
Polygon,$0.3919,"$985,870,777","$45,979,145","2,515,659,140 MATIC"
Aerodrome Finance,$1.42,"$966,382,984","$78,930,293","680,497,716 AERO"
Gala,$0.02682,"$957,912,728","$556,543,747","35,710,930,577 GALA"
Goatseus Maximus,$0.9283,"$928,305,534","$327,327,033","999,998,208 GOAT"
Core,$1.00,"$923,988,266","$163,115,682","920,521,115 CORE"
Flow,$0.595,"$918,259,353","$121,902,230","1,543,309,837 FLOW"
Pendle,$5.38,"$879,994,327","$328,448,698","163,524,376 PENDLE"
GateToken,$9.65,"$878,565,412","$6,481,349","91,015,068 GT"
cat in a dogs world,$0.00974,"$865,786,331","$493,626,655","88,888,888,888 MEW"
ORDI,$40.34,"$847,099,753","$658,331,437","21,000,000 ORDI"
MultiversX,$30.91,"$851,357,169","$76,374,324","27,545,095 EGLD"
EOS,$0.551,"$841,360,054","$343,379,363","1,526,927,709 EOS"
Axie Infinity,$5.39,"$825,471,704","$143,698,559","153,263,427 AXS"
ApeCoin,$1.08,"$811,908,543","$381,608,790","752,651,515 APE"
eCash,$0.00004027,"$796,631,050","$166,061,824","19,783,345,297,584 XEC"
Neo,$11.33,"$799,093,820","$107,951,180","70,538,831 NEO"
AIOZ Network,$0.6851,"$778,078,562","$88,780,353","1,135,748,973 AIOZ"
Quant,$63.71,"$769,095,199","$47,293,490","12,072,738 QNT"
Nexo,$1.19,"$768,466,132","$20,649,943","646,145,840 NEXO"
Akash Network,$3.12,"$775,513,794","$145,061,230","248,285,795 AKT"
dYdX (Native),$1.19,"$765,064,538","$158,239,024","643,931,707 DYDX"
Flare,$0.01465,"$769,090,532","$14,990,690","52,480,714,594 FLR"
USDD,$1.00,"$754,890,976","$13,759,469","753,768,330 USDD"
Mina,$0.6272,"$740,650,349","$149,040,250","1,180,911,393 MINA"
Notcoin,$0.007162,"$733,765,283","$600,327,426","102,456,957,534 NOT"
Conflux,$0.1582,"$732,049,183","$186,266,749","4,626,278,724 CFX"
Tezos,$0.7146,"$723,267,277","$63,082,143","1,012,124,219 XTZ"
Kaia,$0.123,"$721,802,765","$43,540,853","5,867,595,957 KAIA"
The Sandbox,$0.2937,"$703,119,573","$234,018,456","2,394,232,126 SAND"
Mog Coin,$0.051795,"$701,118,971","$74,614,305","390,567,526,433,217 MOG"
Decentraland,$0.3603,"$699,724,953","$176,653,765","1,942,255,184 MANA"
SuperVerse,$1.41,"$688,295,077","$62,229,755","487,976,093 SUPER"
Wormhole,$0.2515,"$685,253,117","$230,216,130","2,725,129,998 W"
Zcash,$41.66,"$680,271,071","$131,551,294","16,328,269 ZEC"
Gnosis,$260.71,"$675,119,427","$8,423,393","2,589,588 GNO"
Tether Gold,"$2,605.36","$642,284,773","$7,457,432","246,524 XAUt"
Axelar,$0.7611,"$639,995,679","$39,946,133","840,929,095 AXL"
FTX Token,$1.92,"$629,945,023","$59,578,900","328,895,104 FTT"
BOOK OF MEME,$0.009091,"$626,924,685","$906,257,329","68,957,541,031 BOME"
Ethereum Name Service,$18.14,"$618,914,513","$395,573,287","34,126,718 ENS"
Chiliz,$0.0664,"$605,705,147","$275,252,252","9,121,824,867 CHZ"
Nervos Network,$0.01326,"$597,849,022","$182,461,491","45,074,801,311 CKB"
Oasis,$0.08051,"$568,713,810","$117,218,837","7,064,132,681 ROSE"
ZKsync,$0.1518,"$557,804,765","$277,053,382","3,675,000,000 ZK"
Terra Classic,$0.0001012,"$552,727,083","$131,166,628","5,460,586,667,775 LUNC"
SATS,$0.0002586,"$543,102,198","$188,579,999","2,100,000,000,000 1000SATS"
Ronin,$1.52,"$545,754,255","$32,761,642","360,013,411 RON"
PancakeSwap,$1.94,"$542,442,451","$177,823,938","279,852,287 CAKE"
PayPal USD,$0.9993,"$536,302,723","$34,420,686","536,660,090 PYUSD"
Safe,$1.14,"$530,101,188","$71,510,744","463,757,969 SAFE"
EigenLayer,$2.82,"$525,450,619","$284,787,937","186,582,000 EIGEN"
Synthetix,$1.58,"$517,404,856","$106,397,573","327,769,196 SNX"
DeXe,$9.05,"$516,768,223","$7,255,138","57,103,248 DEXE"
PAX Gold,"$2,574.25","$508,643,133","$49,370,272","197,589 PAXG"
Blur,$0.2516,"$503,519,909","$372,860,821","2,001,185,706 BLUR"
IOTA,$0.1422,"$497,347,957","$65,639,479","3,497,433,380 IOTA"
APENFT,$0.064954,"$495,534,786","$57,717,784","999,990,000,000,000 NFT"
TrueUSD,$1.00,"$495,664,773","$80,953,883","495,601,553 TUSD"
Arkham,$2.15,"$484,898,372","$365,062,169","225,100,000 ARKM"
Bitcoin Gold,$27.01,"$473,030,574","$48,499,428","17,513,924 BTG"
XDC Network,$0.03077,"$459,525,145","$12,097,795","14,932,919,360 XDC"
Compound,$50.45,"$445,999,799","$103,829,851","8,840,846 COMP"
WOO,$0.2407,"$443,502,930","$75,599,475","1,842,894,958 WOO"
Astar,$0.05954,"$440,687,141","$74,380,201","7,400,970,731 ASTR"
GMT,$0.1457,"$434,201,361","$69,283,649","2,979,926,955 GMT"
Trust Wallet Token,$1.03,"$428,907,878","$32,629,217","416,649,900 TWT"
Kava,$0.3953,"$428,004,527","$90,596,300","1,082,854,238 KAVA"
Theta Fuel,$0.06116,"$412,426,793","$38,740,684","6,742,858,634 TFUEL"
LayerZero,$3.67,"$403,307,891","$238,979,960","110,000,000 ZRO"
Livepeer,$11.22,"$401,564,498","$98,317,066","35,779,519 LPT"
Baby Doge Coin,$0.082477,"$395,578,221","$193,438,504","159,723,678,937,064,672 BabyDoge"
Memecoin,$0.01307,"$397,400,310","$244,450,892","30,403,333,049 MEME"
IoTeX,$0.04111,"$388,117,033","$27,984,005","9,441,369,060 IOTX"
ZetaChain,$0.7392,"$382,799,644","$244,307,446","517,854,167 ZETA"
Reserve Rights,$0.007235,"$381,599,617","$40,806,415","52,743,442,836 RSR"
Jito,$2.90,"$373,044,861","$228,757,391","128,778,576 JTO"
1inch Network,$0.2927,"$374,243,104","$101,351,054","1,278,396,644 1INCH"
Celo,$0.6711,"$371,669,648","$111,314,995","553,833,395 CELO"
EthereumPoW,$3.39,"$365,791,320","$54,409,587","107,818,999 ETHW"
Holo,$0.002077,"$361,384,648","$73,812,102","174,001,740,588 HOT"
Dymension,$1.69,"$360,676,274","$477,086,769","213,985,750 DYM"
Echelon Prime,$9.74,"$348,383,872","$48,928,798","35,773,841 PRIME"
SafePal,$0.7093,"$345,789,378","$14,919,561","487,500,000 SFP"
ether.fi,$1.66,"$344,360,632","$452,110,634","207,550,055 ETHFI"
Amp,$0.004195,"$338,625,461","$35,011,081","80,722,574,661 AMP"
Golem,$0.3357,"$335,717,510","$48,783,215","1,000,000,000 GLM"
SPACE ID,$0.4293,"$333,785,251","$95,992,434","777,571,070 ID"
Osmosis,$0.4845,"$335,938,915","$25,075,439","693,416,239 OSMO"
Curve DAO Token,$0.2706,"$329,786,670","$228,823,805","1,218,803,133 CRV"
Zilliqa,$0.01716,"$328,577,686","$124,816,164","19,149,200,470 ZIL"
DOGS,$0.0006197,"$320,238,188","$524,728,088","516,750,000,000 DOGS"
Aevo,$0.3605,"$318,667,799","$173,961,330","884,024,196 AEVO"
Mask Network,$3.17,"$317,329,279","$842,736,172","100,000,000 MASK"
WEMIX,$0.7754,"$320,304,476","$2,232,282","413,067,220 WEMIX"
JUST,$0.03174,"$314,258,637","$73,187,460","9,900,000,000 JST"
Manta Network,$0.807,"$309,437,585","$113,114,743","383,458,790 MANTA"
ConstitutionDAO,$0.06107,"$309,003,642","$589,852,726","5,060,137,335 PEOPLE"
Dash,$25.69,"$308,849,046","$87,385,942","12,022,944 DASH"
0x Protocol,$0.363,"$307,955,838","$80,988,445","848,396,563 ZRX"
Kusama,$19.21,"$301,838,237","$43,651,635","15,709,242 KSM"
Metis,$49.71,"$303,317,467","$47,742,376","6,101,334 METIS"
Siacoin,$0.005241,"$302,616,825","$83,440,500","57,740,391,700 SC"
OriginTrail,$0.7238,"$300,380,967","$3,478,047","414,993,782 TRAC"
Ankr,$0.02948,"$294,833,850","$47,620,266","10,000,000,000 ANKR"
io.net,$2.45,"$294,533,342","$562,402,380","120,286,834 IO"
Gas,$4.41,"$286,904,953","$150,164,406","64,992,331 GAS"
Enjin Coin,$0.1631,"$288,532,181","$43,760,808","1,768,617,010 ENJ"
Basic Attention Token,$0.1889,"$282,540,706","$45,414,793","1,495,658,357 BAT"
Ravencoin,$0.01933,"$280,132,069","$28,548,282","14,490,289,337 RVN"
Qtum,$2.65,"$279,523,988","$68,500,390","105,395,697 QTUM"
aelf,$0.377,"$276,713,429","$27,411,674","733,986,254 ELF"
MX Token,$2.85,"$276,177,353","$80,603,108","96,781,834 MX"
Terra,$0.3827,"$271,723,101","$113,104,035","709,984,439 LUNA"
Ponke,$0.4857,"$269,814,101","$70,087,005","555,544,226 PONKE"
Hamster Kombat,$0.004206,"$270,766,042","$514,491,572","64,375,000,000 HMSTR"
dYdX (ethDYDX),$1.19,"$260,893,599","$85,658,352","219,861,513 ETHDYDX"
GMX,$26.22,"$257,445,796","$32,130,326","9,818,579 GMX"
Altlayer,$0.1123,"$256,273,399","$126,803,061","2,282,694,196 ALT"
Gravity,$0.03063,"$249,832,172","$51,905,918","8,155,720,000 G"
Threshold,$0.02455,"$245,317,600","$92,038,025","9,992,913,006 T"
Polymesh,$0.2637,"$238,066,101","$64,204,756","902,770,050 POLYX"
ssv.network,$20.34,"$235,142,127","$93,472,298","11,558,205 SSV"
Ethena USDe,$1.00,"$2,998,738,341","$109,635,697","2,994,106,975 USDe"
Zeebu,$5.01,"$1,297,146,242","$3,535,525","258,970,840 ZBU"
Fellaz,$2.28,"$1,077,788,047","$3,910,934","471,874,940 FLZ"
Fasttoken,$3.04,"$927,664,331","$779,312,045","304,850,250 FTN"
Grass,$3.02,"$735,870,251","$404,731,440","243,905,091 GRASS"
SPX6900,$0.715,"$665,629,720","$41,174,360","930,993,090 SPX"
Frax,$0.9958,"$646,686,519","$37,811,775","649,433,438 FRAX"
Cheelee,$11.20,"$636,193,716","$5,612,726","56,799,477 CHEEL"
PepeCoin,$4.86,"$581,775,679","$11,784,785","119,787,624 PEPECOIN"
Turbo,$0.008703,"$568,316,762","$533,413,679","65,300,000,000 TURBO"
Act I : The AI Prophecy,$0.5813,"$551,209,591","$998,709,772","948,246,601 ACT"
Beldex,$0.08071,"$539,241,905","$11,459,338","6,681,466,913 BDX"
Gigachad,$0.05185,"$482,362,060","$46,889,095","9,302,411,888 GIGA"
Meta Games Coin,$0.4299,"$472,878,503","$535,461","1,099,999,700 MGC"
Peanut the Squirrel,$0.4476,"$447,557,960","$997,663,516","999,855,872 PNUT"
Ondo US Dollar Yield,$1.08,"$445,211,879","$15,075,530","414,090,293 USDY"
Dog (Runes),$0.004062,"$406,211,908","$29,628,601","100,000,000,000 DOG"
Orbler,$0.3885,"$394,584,766","$132,321","1,015,586,750 ORBR"
Virtuals Protocol,$0.3884,"$388,405,541","$12,487,541","1,000,000,000 VIRTUAL"
Baby Doge Coin,$0.0025,"$383,053,599","$185,899,669","153,207,109,892 1MBABYDOGE"
Drift,$1.35,"$346,346,149","$306,794,994","256,462,324 DRIFT"
Apu Apustaja,$0.001068,"$342,226,703","$16,370,721","320,385,865,167 APU"
Moo Deng (moodengsol.com),$0.3427,"$339,263,934","$166,307,610","989,971,791 MOODENG"
FLEX,$3.30,"$325,858,849",,"98,664,939 FLEX"
Aethir,$0.06525,"$319,669,692","$252,506,655","4,899,191,969 ATH"
VerusCoin,$4.11,"$319,279,225","$46,274","77,772,887 VRSC"
Aleo,$1.27,"$307,333,645","$13,101,419","242,884,256 ALEO"
MimbleWimbleCoin,$27.44,"$300,938,646","$4,338","10,967,866 MWC"
Tribe,$0.53,"$287,648,661","$144,824","542,735,564 TRIBE"
Metaplex,$0.3756,"$283,871,009","$3,011,363","755,813,146 MPLX"
Non-Playable Coin,$0.03864,"$280,763,516","$20,465,883","7,266,419,612 NPC"
Chintai,$0.2844,"$277,207,102","$1,220,911","974,806,675 CHEX"
Degen,$0.01906,"$270,245,548","$282,665,499","14,179,608,879 DEGEN"
Osaka Protocol,$0.063514,"$263,859,129","$750,153","750,869,738,630,302 OSAK"
Destra Network,$0.2538,"$245,512,100","$5,633,986","967,448,144 DSYNC"
HarryPotterObamaSonic10Inu (ERC-20),$0.236,"$235,921,839","$11,752,741","999,798,155 BITCOIN"
Simon's Cat,$0.00003476,"$234,661,884","$117,686,310","6,749,954,952,891 CAT"
Hivemapper,$0.07963,"$231,510,778","$3,015,079","2,907,150,553 HONEY"
michi (SOL),$0.4172,"$231,848,202","$16,865,927","555,768,315 $MICHI"
Rocket Pool,$10.88,"$226,681,326","$13,736,652","20,831,680 RPL"
X Empire,$0.0003294,"$227,302,394","$1,022,274,505","690,000,000,000 X"
VVS Finance,$0.054778,"$226,003,646","$6,698,704","47,303,038,134,009 VVS"
Solar,$0.3611,"$225,123,780","$580,046,143","623,384,002 SXP"
UMA,$2.59,"$222,405,584","$38,335,676","86,028,981 UMA"
SKALE,$0.04013,"$222,302,497","$46,255,450","5,538,894,337 SKL"
Rollbit Coin,$0.09395,"$221,794,661","$3,737,857","2,360,712,084 RLB"
Decred,$13.45,"$221,078,665","$2,236,703","16,438,924 DCR"
Department Of Government Efficiency (dogegov.com),$0.2249,"$220,245,997","$17,072,455","979,133,701 DOGE"
Biconomy,$0.2496,"$217,718,501","$24,908,030","872,405,610 BICO"
Pixels,$0.19,"$217,580,949","$134,829,327","1,144,999,005 PIXEL"
Flux,$0.5795,"$217,117,051","$27,631,646","374,668,559 FLUX"
Avail,$0.1154,"$213,180,484","$4,093,376","1,846,524,450 AVAIL"
Telcoin,$0.002311,"$211,765,213","$2,930,973","91,649,420,414 TEL"
yearn.finance,"$6,321.39","$212,203,270","$102,390,038","33,569 YFI"
Harmony,$0.01486,"$212,009,407","$22,881,956","14,266,759,836 ONE"
Illuvium,$41.36,"$210,006,191","$78,959,039","5,077,922 ILV"
BinaryX,$0.5634,"$209,637,064","$56,063,124","372,065,870 BNX"
Saga,$1.98,"$209,367,637","$218,923,341","105,742,083 SAGA"
Banana Gun,$60.42,"$208,133,868","$131,965,914","3,444,596 BANANA"
Chia,$14.77,"$204,948,380","$10,825,261","13,872,256 XCH"
SwissBorg,$0.2074,"$204,073,134","$2,938,720","983,729,858 BORG"
Convex Finance,$2.05,"$203,878,417","$23,657,411","99,241,742 CVX"
SushiSwap,$0.7711,"$201,833,031","$112,219,248","261,751,464 SUSHI"
Sun [New],$0.02063,"$201,659,977","$95,446,978","9,773,878,140 SUN"
Tellor,$76.78,"$201,462,226","$329,290,716","2,623,980 TRB"
Cetus Protocol,$0.3318,"$200,703,885","$196,307,377","604,809,363 CETUS"
Delysium,$0.1956,"$197,419,320","$73,843,810","1,009,408,096 AGI"
Qubic,$0.051671,"$198,840,001","$8,637,020","119,001,502,679,038 QUBIC"
Blast,$0.008968,"$198,335,463","$64,196,420","22,116,790,174 BLAST"
Yield Guild Games,$0.5091,"$197,153,318","$122,866,836","387,236,606 YGG"
Big Time,$0.1638,"$197,077,402","$203,233,820","1,202,925,736 BIGTIME"
Loopring,$0.143,"$195,513,375","$39,169,181","1,366,806,970 LRC"
Ultima,"$6,069.72","$194,413,103","$4,213,952","32,030 ULTIMA"
Band Protocol,$1.26,"$193,433,509","$15,152,927","153,214,739 BAND"
PAAL AI,$0.2338,"$191,592,757","$11,163,038","819,528,083 PAAL"
ANDY (ETH),$0.0001895,"$189,474,628","$7,572,642","1,000,000,000,000 ANDY"
Storj,$0.4749,"$189,175,955","$62,631,815","398,317,323 STORJ"
COTI,$0.1055,"$189,007,398","$35,021,381","1,792,309,031 COTI"
Bitcoin Wizards,$8.60,"$180,500,245","$653,285","21,000,000 WZRD"
Orca,$3.55,"$187,598,241","$10,242,158","52,843,430 ORCA"
Xai,$0.2423,"$186,154,861","$196,927,690","768,240,191 XAI"
UPCX,$3.78,"$185,310,566","$904,767","49,046,439 UPC"
Frax Share,$2.17,"$184,017,450","$31,749,048","84,695,185 FXS"
Alchemy Pay,$0.02203,"$183,615,270","$53,549,768","8,333,311,738 ACH"
Ontology,$0.2022,"$183,530,019","$26,868,250","907,697,857 ONT"
Nosana,$3.80,"$183,270,821","$5,998,472","48,197,665 NOS"
Merlin Chain,$0.3466,"$181,989,755","$56,726,687","525,000,000 MERL"
Kadena,$0.6098,"$180,856,346","$26,606,333","296,581,894 KDA"
Centrifuge,$0.3562,"$179,904,111","$1,725,269","505,039,337 CFG"
DeepBook Protocol,$0.07181,"$179,528,435","$44,138,895","2,500,000,000 DEEP"
USDB,$0.9955,"$179,322,828","$54,687,712","180,128,095 USDB"
Mumu the Bull (SOL),$0.00007828,"$178,728,067","$20,814,574","2,283,204,416,985 MUMU"
Creditcoin,$0.4466,"$175,098,460","$24,027,839","392,084,779 CTC"
Open Campus,$0.5157,"$174,983,730","$39,853,188","339,343,750 EDU"
Zignaly,$0.1213,"$173,857,342","$11,406,643","1,433,308,739 ZIG"
RETARDIO,$0.1774,"$173,073,605","$9,086,119","975,671,265 RETARDIO"
Audius,$0.1351,"$172,165,744","$37,122,703","1,274,403,665 AUDIO"
Moonbeam,$0.1862,"$171,137,697","$23,716,523","919,230,970 GLMR"
Metars Genesis,$1.99,"$167,739,456","$612,821","84,235,303 MRS"
Mr Mint,$0.4792,"$167,650,020","$262,928","349,855,660 MNT"
Gomining,$0.4007,"$166,291,631","$13,333,365","415,005,960 Gomining"
NEM,$0.01804,"$162,390,157","$54,037,373","8,999,999,999 XEM"
VeThor Token,$0.001957,"$161,967,271","$21,179,223","82,748,808,674 VTHO"
SUNDOG,,"$159,886,208","$125,720,690","997,420,635 SUNDOG"
Clearpool,$0.2299,"$162,243,566","$4,144,293","705,843,717 CPOOL"
BounceBit,$0.3387,"$159,637,737","$137,493,175","471,349,315 BB"
BasedAI,$4.56,"$157,899,355","$5,605,852","34,599,420 BASEDAI"
Spectral,$11.38,"$157,124,671","$18,250,967","13,804,697 SPEC"
Elixir deUSD,$0.9993,"$156,589,596","$11,883,061","156,697,153 DEUSD"
Vanar Chain,$0.09575,"$156,107,402","$41,875,983","1,630,356,743 VANRY"
H2O DAO,$0.1886,"$155,585,138","$746,117","825,000,000 H2O"
Fartcoin,$0.1555,"$155,480,003","$55,394,590","999,998,256 FARTCOIN"
Chromia,$0.1873,"$155,080,118","$32,781,257","827,798,270 CHR"
Bitkub Coin,$2.25,"$155,049,656","$3,846,561","68,974,776 KUB"
Lisk,$0.9435,"$153,453,323","$66,920,023","162,644,514 LSK"
ICON,$0.1479,"$152,481,204","$17,312,885","1,031,102,073 ICX"
USDJ,$1.14,"$147,427,631","$299,402","129,304,447 USDJ"
JOE,$0.3949,"$146,903,080","$37,333,141","371,979,519 JOE"
LUCE,$0.1452,"$145,175,414","$123,907,147","999,999,996 LUCE"
PAAL AI,$0.1761,"$144,307,073","$12,926,105","819,528,083 PAAL"
0x0.ai,$0.1648,"$143,164,707","$1,930,778","868,563,455 0x0"
API3,$1.64,"$141,889,821","$51,031,415","86,421,978 API3"
Horizen,$9.04,"$141,420,704","$20,238,543","15,641,594 ZEN"
Arcblock,$1.44,"$141,444,212","$2,749,803","98,554,305 ABT"
Tethereum,$0.03608,"$139,929,235","$6,654","3,878,729,996 T99"
CARV,$0.9107,"$136,958,308","$138,211,819","150,384,083 CARV"
Autonolas,$2.11,"$136,772,144","$1,587,189","64,833,436 OLAS"
IQ,$0.007022,"$136,554,548","$82,100,906","19,446,426,346 IQ"
Propy,$1.36,"$136,386,998","$12,330,821","100,000,000 PRO"
Civic,$0.1336,"$133,627,988","$86,945,742","1,000,000,000 CVC"
Balancer,$2.19,"$132,813,975","$17,300,313","60,715,377 BAL"
RabBitcoin,$0.00001785,"$132,786,620","$20,012,701","7,437,500,000,000 RBTC"
WAX,$0.03702,"$131,928,510","$30,087,743","3,563,367,122 WAXP"
STASIS EURO,$1.06,"$132,119,391","$1,456,282","124,125,940 EURS"
Status,$0.03305,"$132,070,155","$118,650,263","3,996,505,597 SNT"
Scroll,$0.6925,"$131,582,357","$61,439,280","190,000,000 SCR"
Waves,$1.13,"$131,726,987","$41,765,521","116,165,932 WAVES"
sudeng,$0.01313,"$131,324,903","$54,182,308","10,000,000,000 HIPPO"
Powerledger,$0.2347,"$130,728,967","$48,958,190","557,092,390 POWR"
Zentry,$0.02133,"$130,103,625","$12,536,036","6,099,594,707 ZENT"
Dogelon Mars,$0.062356,"$129,496,140","$46,285,820","549,652,770,159,583 ELON"
TerraClassicUSD,$0.02316,"$128,885,714","$53,944,875","5,564,492,443 USTC"
MVL,$0.005055,"$129,923,892","$358,185,760","25,702,958,863 MVL"
iExec RLC,$1.74,"$126,040,155","$16,747,732","72,382,548 RLC"
Ontology Gas,$0.3181,"$126,209,599","$47,618,423","396,706,083 ONG"
BILLION•DOLLAR•CAT,$0.1252,"$125,175,401","$274,075","1,000,000,000 BDC"
Taiko,$1.53,"$124,923,715","$44,809,389","81,562,627 TAIKO"
Venus,$7.57,"$124,350,873","$10,130,275","16,419,374 XVS"
ShibaBitcoin,$1.43,"$123,743,448","$4,410,866","86,461,076 SHIBTC"
Neutron,$0.4147,"$122,004,234","$10,206,687","294,174,898 NTRN"
Maple,$27.35,"$120,848,445","$5,350,199","4,417,986 MPL"
IOST,$0.005602,"$119,410,569","$34,064,144","21,315,000,000 IOST"
Tokenlon Network Token,$1.03,"$118,773,485","$599,141","115,259,601 LON"
World Mobile Token,$0.2411,"$118,558,462","$7,563,123","491,838,755 WMTX"
Smooth Love Potion,$0.002863,"$117,996,992","$26,567,993","41,207,846,512 SLP"
DigiByte,$0.006753,"$117,226,900","$5,153,497","17,360,085,680 DGB"
Nano,$0.8757,"$116,690,727","$3,314,585","133,248,297 XNO"
Numeraire,$15.76,"$115,809,363","$17,246,258","7,349,496 NMR"
Snek,$0.00158,"$115,710,624","$1,727,966","73,235,343,051 SNEK"
Cartesi,$0.1383,"$115,746,132","$24,803,828","837,191,964 CTSI"
Bone ShibaSwap,$0.5001,"$114,995,603","$11,624,519","229,923,351 BONE"
Coin98,$0.1327,"$114,298,643","$34,205,236","861,249,879 C98"
Humans.ai,$0.02045,"$114,343,023","$855,483","5,590,033,742 HEART"
Solana Name Service,$0.2211,"$113,922,323","$160,939,931","515,354,898 FIDA"
Sleepless AI,$0.4711,"$112,771,746","$114,981,971","239,375,000 AI"
Pundi X (New),$0.439,"$113,478,030","$24,625,680","258,491,637 PUNDIX"
Wilder World,$0.3262,"$113,280,949","$1,235,710","347,257,489 WILD"
Vulcan Forged (PYR),$2.89,"$113,007,977","$15,241,849","39,036,137 PYR"
BORA,$0.1021,"$112,254,264","$16,200,134","1,099,750,000 BORA"
Alephium,$1.25,"$112,328,319","$3,077,356","90,024,088 ALPH"
TrueFi,$0.08884,"$112,020,470","$29,395,284","1,260,860,899 TRU"
Moca Network,$0.08774,"$112,154,997","$32,632,919","1,278,317,017 MOCA"
Portal,$0.3201,"$111,520,346","$64,253,648","348,343,795 PORTAL"
Synapse,$0.567,"$111,722,729","$10,313,701","197,049,008 SYN"
Keep Network,$0.1168,"$111,151,913","$23,539","951,960,595 KEEP"
Pax Dollar,$1.00,"$110,121,568","$4,741,147","110,099,031 USDP"
ANyONe Protocol,$1.17,"$109,688,434","$2,313,141","93,751,812 ANYONE"
Catizen,$0.3883,"$108,637,770","$157,926,853","279,805,770 CATI"
Adventure Gold,$1.39,"$107,696,436","$36,822,134","77,310,001 AGLD"
Stratis [New],$0.05383,"$106,981,952","$83,222,739","1,987,326,513 STRAX"
Landwolf 0x67,$0.0001175,"$106,001,759","$6,315,151","902,159,505,150 WOLF"
Islamic Coin,$0.0765,"$106,329,138","$3,621,566","1,389,985,229 ISLM"
Satoshi Airline,$1.16,"$106,437,272","$487,878","91,886,197 JET"
Liquity,$1.13,"$106,074,125","$82,792,261","94,239,422 LQTY"
Treasure,$0.3847,"$105,099,300","$34,524,068","273,210,922 MAGIC"
Nakamoto Games,$1.13,"$105,380,700","$36,769,881","92,963,652 NAKA"
Ark,$0.569,"$105,094,802","$214,000,908","184,704,876 ARK"
Hive,$0.2106,"$105,455,275","$14,666,739","500,749,243 HIVE"
Celer Network,$0.01342,"$104,147,850","$10,957,829","7,763,424,107 CELR"
Velo,$0.01414,"$104,504,256","$32,618,985","7,390,475,595 VELO"
Moonriver,$11.21,"$103,545,919","$22,486,130","9,233,603 MOVR"
CoW Protocol,$0.3848,"$104,163,663","$71,325,009","270,720,524 COW"
Oasys,$0.03603,"$103,158,342","$2,576,832","2,863,313,321 OAS"
Rootstock Infrastructure Framework,$0.103,"$103,019,089","$8,907,942","1,000,000,000 RIF"
Casper,$0.008164,"$101,610,975","$18,313,818","12,445,779,926 CSPR"
Coq Inu,$0.051477,"$102,562,329","$8,642,856","69,420,000,000,000 COQ"
Crown by Third Time Games,$0.5374,"$102,438,690","$1,362,375","190,615,863 CROWN"
Spell Token,$0.0006735,"$101,765,612","$32,467,730","151,106,704,425 SPELL"
Telos,$0.2715,"$101,977,409","$18,524,209","375,573,675 TLOS"
Cyber,$3.64,"$101,520,788","$56,374,770","27,893,633 CYBER"
ChainGPT,$0.1359,"$101,136,811","$6,004,867","744,165,694 CGPT"
SmarDex,$0.01149,"$100,871,743","$1,268,763","8,778,896,324 SDEX"
BitMart Token,$0.3108,"$100,793,826","$629,091","324,281,616 BMX"
UXLINK,$0.5907,"$100,421,877","$292,762,315","170,000,000 UXLINK"
EURC,$1.06,"$100,389,590","$73,684,176","94,444,085 EURC"
Shentu,$0.7121,"$99,579,318","$10,971,396","139,848,139 CTK"
Dent,$0.0009939,"$99,388,372","$13,713,626","100,000,000,000 DENT"
CUDOS,$0.009959,"$98,633,360","$29,002","9,903,772,979 CUDOS"
Prom,$5.39,"$98,378,317","$16,653,653","18,250,000 PROM"
dKargo,$0.02266,"$98,406,201","$10,961,272","4,342,083,333 DKA"
Highstreet,$1.43,"$98,232,217","$43,530,729","68,910,908 HIGH"
Phoenix,$1.87,"$98,024,099","$63,299,760","52,552,499 PHB"
Seedify.fund,$1.56,"$97,641,337","$3,691,475","62,531,198 SFUND"
Myro,$0.1028,"$97,095,117","$85,232,080","944,203,815 MYRO"
Aragon,$2.24,"$96,800,545","$21,767","43,192,285 ANT"
Ardor,$0.09677,"$96,618,168","$55,804,979","998,466,231 ARDR"
Mines of Dalarnia,$0.1544,"$95,861,315","$19,224,221","620,923,298 DAR"
Zano,$7.14,"$95,847,573","$342,143","13,431,787 ZANO"
DIA,$0.7962,"$95,285,650","$24,951,000","119,676,104 DIA"
Tokamak Network,$2.16,"$94,745,871","$642,273,782","43,841,454 TON"
Solidus Ai Tech,$0.08683,"$93,884,433","$4,344,177","1,081,283,259 AITECH"
Oraichain,$6.72,"$92,845,096","$2,905,303","13,823,700 ORAI"
Kyber Network Crystal v2,$0.4954,"$92,274,258","$34,882,895","186,253,286 KNC"
Steem,$0.1943,"$92,498,083","$54,848,944","476,080,997 STEEM"
BUBCAT,$0.04134,"$92,450,433","$57,565","2,236,246,453 BUB"
Bounce Token,$13.94,"$91,834,828","$42,743,211","6,590,057 AUCTION"
Ergo,$1.17,"$91,526,501","$572,194","78,368,820 ERG"
Dusk,$0.195,"$91,084,410","$24,961,227","466,999,999 DUSK"
Fusionist,$2.23,"$90,895,641","$30,573,833","40,674,732 ACE"
AI Analysis Token,$0.6193,"$90,653,441","$508,264","146,389,462 AIAT"
Marlin,$0.01121,"$90,645,110","$8,720,841","8,087,375,977 POND"
SuperRare,$0.1248,"$89,647,838","$31,445,202","718,156,196 RARE"
MiL.k,$0.2217,"$89,147,486","$18,618,515","402,081,985 MLK"
STP,$0.04589,"$89,147,054","$19,998,768","1,942,420,283 STPT"
Metal DAO,$1.13,"$88,606,210","$56,540,880","78,588,897 MTL"
SLERF,$0.177,"$88,519,324","$48,823,839","499,997,750 SLERF"
BOBO,$0.051329,"$87,923,945","$3,102,331","66,134,444,313,649 BOBO"
Wen,$0.0001206,"$87,786,213","$49,441,851","727,716,951,329 WEN"
MediBloc,$0.009183,"$87,635,585","$17,518,190","9,543,626,701 MED"
Huobi Token,$0.5397,"$87,560,586","$7,720,770","162,233,844 HT"
LCX,$0.1132,"$87,345,758","$1,797,892","771,584,751 LCX"
DODO,$0.12,"$87,100,097","$20,464,791","725,703,404 DODO"
Constellation,$0.03036,"$87,238,520","$1,435,338","2,873,448,318 DAG"
Orbs,$0.02744,"$86,921,752","$23,040,902","3,167,720,359 ORBS"
Phala Network,$0.1128,"$86,110,653","$15,116,929","763,088,355 PHA"
Hoppy,$0.0002051,"$86,298,306","$20,696,447","420,690,000,000 HOPPY"
Syscoin,$0.1074,"$85,778,632","$6,038,640","798,888,913 SYS"
Neiro Ethereum,$0.08576,"$85,761,470","$57,848,709","1,000,000,000 NEIRO"
Clash of Lilliput,$1.04,"$85,220,914","$28,761","82,074,400 COL"
RACA,$0.0002083,"$84,855,644","$20,739,753","407,337,037,735 RACA"
Braintrust,$0.3623,"$84,800,277","$120,234","234,044,807 BTRST"
Aleph Zero,$0.3141,"$83,786,072","$1,683,739","266,778,951 AZERO"
Bellscoin,$1.55,"$84,242,509","$1,437,023","54,483,925 BELLS"
Wojak,$0.001204,"$83,535,739","$10,074,395","69,404,726,737 WOJAK"
Velodrome Finance,$0.096,"$83,311,450","$5,982,046","867,803,201 VELO"
Bazaars,$7.10,"$82,824,960","$135,718","11,672,346 BZR"
Toshi,$0.0002033,"$82,940,401","$2,925,222","408,069,300,000 TOSHI"
Polyhedra Network,$1.21,"$82,461,277","$16,869,619","68,384,184 ZKJ"
Paycoin,$0.08182,"$82,463,745","$1,102,216","1,007,831,650 PCI"
Omni Network,$8.65,"$82,104,223","$79,612,858","9,494,508 OMNI"
Luna by Virtuals,$0.08258,"$82,578,520","$4,655,464","1,000,000,000 LUNA"
NYM,$0.1015,"$81,527,186","$1,834,921","803,103,235 NYM"
Node AI,$0.85,"$80,759,252","$1,428,473","95,016,171 GPU"
inSure DeFi,$0.002994,"$80,203,313","$465,459","26,790,063,175 SURE"
ARPA,$0.05233,"$79,522,770","$51,160,004","1,519,586,598 ARPA"
Hooked Protocol,$0.3901,"$79,329,667","$23,196,610","203,332,251 HOOK"
TARS AI,$0.1462,"$79,424,106","$13,194,199","543,380,367 TAI"
RSS3,$0.1176,"$79,366,218","$7,628,315","674,916,665 RSS3"
Symbol,$0.01293,"$78,862,317","$701,870","6,101,227,273 XYM"
NetMind Token,$2.36,"$78,862,993","$4,339,441","33,450,208 NMT"
Hifi Finance,$0.5593,"$77,924,277","$95,763,087","139,328,791 HIFI"
NeuralAI,$7.90,"$78,995,966","$2,179,572","10,000,000 NEURAL"
ApeX Protocol,$1.61,"$78,024,166","$108,884,922","48,392,685 APEX"
Lumia,$1.04,"$78,343,164","$23,494,828","75,306,825 LUMIA"
WINkLink,$0.00007847,"$77,975,112","$50,845,076","993,701,859,243 WIN"
Uquid Coin,$7.78,"$77,752,817","$794,843","10,000,000 UQC"
Milady Meme Coin,$0.061056,"$77,536,093","$36,113,886","734,366,023,232,083 LADYS"
XYO,$0.005748,"$77,463,121","$1,650,953","13,476,747,692 XYO"
Staika,$1.72,"$77,344,711","$186,212","45,043,333 STIK"
Lista DAO,$0.4137,"$76,794,530","$38,957,732","185,624,908 LISTA"
Request,$0.1,"$76,896,066","$2,692,826","768,628,883 REQ"
Verum Coin,$821.60,"$76,741,413","$1,540,249","93,405 VERUM"
Agoras: Currency of Tau,$2.56,"$76,653,148","$713,685","29,892,947 AGRS"
MANEKI,$0.008616,"$76,328,884","$26,700,413","8,858,766,369 MANEKI"
Ozone Chain,$0.1252,"$75,607,606",$107,"603,883,301 OZO"
Venom,$0.07614,"$75,295,685","$1,720,715","988,919,270 VENOM"
Maverick Protocol,$0.1744,"$74,993,511","$13,091,232","430,057,744 MAV"
Loom Network,$0.06072,"$75,244,225","$98,035,697","1,239,270,898 LOOM"
Aurora,$0.1364,"$74,228,397","$1,397,778","544,171,499 AURORA"
MyNeighborAlice,$1.10,"$74,561,664","$35,832,766","67,913,333 ALICE"
Artificial Liquid Intelligence,$0.00912,"$74,689,972","$3,553,687","8,189,833,603 ALI"
BENQI,$0.01504,"$74,559,467","$9,005,770","4,956,199,203 QI"
StormX,,"$73,909,812","$51,015,997","12,269,603,666 STMX"
Helium Mobile,$0.0008227,"$73,452,967","$5,119,426","89,279,616,083 MOBILE"
Verge,$0.004431,"$73,208,866","$10,680,827","16,521,951,236 XVG"
BakeryToken,$0.2519,"$72,999,209","$38,924,752","289,770,512 BAKE"
Bancor,$0.5943,"$71,963,603","$14,089,837","121,095,543 BNT"
MAGA,$1.63,"$71,613,453","$7,715,054","43,997,357 TRUMP"
Pocket Network,$0.04339,"$71,125,356","$1,692,159","1,639,345,851 POKT"
IAGON,$0.188,"$70,678,994","$515,493","376,020,434 IAG"
Tectum,$9.03,"$70,402,308","$1,918,156","7,798,861 TET"
KARRAT,$0.4911,"$70,328,501","$3,866,798","143,215,108 KARRAT"
Radiant Capital,$0.06059,"$69,767,338","$42,573,676","1,151,514,024 RDNT"
NFPrompt,,"$69,478,066","$32,109,294","292,859,589 NFP"
Acala Token,$0.06119,"$69,685,712","$6,948,470","1,138,749,994 ACA"
Orchid,$0.07046,"$69,039,564","$8,179,248","979,779,108 OXT"
Dione Protocol,$0.006799,"$68,980,165","$671,670","10,145,441,353 DIONE"
BUSD,$1.00,"$68,354,950","$22,968,175","68,223,481 BUSD"
Liquity USD,$0.9996,"$68,233,717","$226,977","68,260,779 LUSD"
Save,$1.35,"$68,086,545","$94,553","50,592,667 SLND"
CoinEx Token,$0.09574,"$67,844,283","$922,918","708,633,582 CET"
Hashflow,$0.1438,"$67,315,039","$12,942,351","468,207,506 HFT"
Stella,$0.07481,"$67,033,914","$16,954,505","896,000,000 ALPHA"
Zebec Network,$0.001026,"$66,689,231","$11,039,051","65,014,393,000 ZBCN"
Origin Protocol,$0.09785,"$66,588,802","$17,125,203","680,520,187 OGN"
Renzo,$0.03958,"$66,432,548","$54,229,521","1,678,323,855 REZ"
Gemini Dollar,$0.9979,"$66,482,165","$5,318,931","66,622,031 GUSD"
LeverFi,$0.001959,"$66,409,437","$26,149,522","33,899,170,766 LEVER"
Stargate Finance,$0.3224,"$65,888,656","$80,863,418","204,338,417 STG"
QuarkChain,$0.009316,"$65,747,133","$13,982,667","7,057,300,166 QKC"
MOBOX,$0.166,"$65,632,851","$26,997,521","395,272,116 MBOX"
Daddy Tate,$0.1089,"$65,331,187","$7,352,233","599,688,329 DADDY"
Badger DAO,$3.21,"$65,211,268","$17,341,015","20,291,082 BADGER"
HashAI,$0.00077,"$65,112,486","$471,715","84,564,818,695 HASHAI"
ArbDoge AI,$0.093697,"$64,489,554","$23,378,722","174,455,896,934,211,008 AIDOGE"
USDX [Kava],$0.5739,"$64,032,611","$304,528","111,567,264 USDX"
MobileCoin,$0.3217,"$64,031,570","$136,918","199,037,308 MOB"
Gems,$0.1594,"$63,752,190","$8,048,729","399,931,237 GEMS"
XPLA,$0.08588,"$63,723,987","$2,307,558","742,026,942 XPLA"
Gains Network,$1.90,"$63,403,594","$3,444,699","33,293,807 GNS"
Mother Iggy,$0.0638,"$62,913,452","$15,114,086","986,143,154 MOTHER"
ArchLoot,$0.1186,"$62,490,458","$4,600,840","526,714,644 AL"
Secret,$0.2131,"$62,479,553","$3,518,997","293,201,493 SCRT"
MARBLEX,$0.3547,"$62,131,939","$2,566,097","175,182,140 MBX"
Covalent X Token,$0.06478,"$62,045,875","$6,410,877","957,731,000 CXT"
Metacraft,$1.16,"$61,349,797","$2,011","52,661,120 MCT"
Euler,$3.83,"$61,028,087","$1,725,812","15,938,967 EUL"
Orion,$1.05,"$60,964,143","$465,500","57,823,774 ORN"
GameBuild,$0.003822,"$60,915,641","$150,380,868","15,937,409,526 GAME"
Anchored Coins AEUR,$1.07,"$60,835,501","$2,910,577","57,009,605 AEUR"
Radworks,$1.17,"$60,553,904","$27,295,225","51,771,495 RAD"
Unizen,$0.08723,"$60,297,956","$2,250,990","691,265,502 ZCX"
Venus BUSD,$0.02235,"$60,222,113",,"2,694,770,470 vBUSD"
Cobak Token,$0.6793,"$60,205,458","$131,717,886","88,629,841 CBK"
A3S Protocol,$0.2487,"$59,592,791","$3,362,198","239,595,033 AA"
Stride,$0.6736,"$59,161,850","$385,981","87,825,728 STRD"
Gods Unchained,$0.179,"$59,098,302","$1,520,259","330,138,890 GODS"
NikolAI,$0.05908,"$59,075,930","$3,487,697","1,000,000,000 NIKO"
Hippocrat,$0.05688,"$58,855,046","$11,977,397","1,034,734,273 HPO"
DAO Maker,$0.3055,"$58,903,477","$3,061,560","192,831,021 DAO"
Access Protocol,$0.001646,"$58,635,296","$6,199,702","35,615,804,616 ACS"
NKN,$0.07463,"$58,265,790","$11,213,834","780,761,259 NKN"
Ethernity Chain,$2.48,"$58,225,801","$12,706,510","23,476,472 ERN"
Gitcoin,$0.6681,"$57,392,194","$11,853,054","85,904,586 GTC"
ALEX Lab,$0.09412,"$57,081,022","$5,043,001","606,489,877 ALEX"
Bifrost,$0.0411,"$56,992,882","$9,846,532","1,386,638,564 BFC"
NAVI Protocol,$0.1792,"$56,991,337","$12,149,429","318,050,337 NAVX"
PepeFork,$0.061354,"$56,968,267","$2,190,622","420,690,000,000,000 PORK"
Tron Bull,$0.05961,"$56,647,408","$7,956,360","950,275,472 BULL"
Tensor,$0.453,"$56,621,795","$71,734,176","125,000,000 TNSR"
Skibidi Toilet,$0.808,"$56,592,284","$5,986,900","70,038,672 SKBDI"
Matr1x Fire,$0.8438,"$56,308,408","$6,042,252","66,731,284 FIRE"
Parcl,$0.3869,"$56,065,130","$40,320,342","144,901,780 PRCL"
LUKSO,$1.84,"$56,062,994","$1,089,958","30,535,907 LYX"
Function X,$0.1362,"$55,655,489","$789,332","408,520,357 FX"
MovieBloc,$0.003074,"$55,489,341","$98,076,233","18,048,553,881 MBL"
DeFi Pulse Index,$99.08,"$55,381,853","$401,683","558,983 DPI"
Cortex,$0.244,"$54,945,667","$14,652,578","225,168,204 CTXC"
PeiPei (ETH),$0.061329,"$54,630,537","$5,621,580","411,156,335,213,487 PEIPEI"
Alien Worlds,$0.01111,"$54,431,950","$27,947,046","4,900,039,812 TLM"
REI Network,$0.05656,"$53,735,267","$16,911,713","950,000,000 REI"
TokenFi,$0.05361,"$53,613,937","$38,937,008","1,000,019,789 TOKEN"
Toko Token,$0.3148,"$53,163,025","$5,817,614","168,881,547 TKO"
Metadium,$0.03092,"$52,667,440","$24,862,788","1,703,608,720 META"
Memes AI,$0.05251,"$52,509,902","$21,487,735","999,971,049 MemesAI"
Zero1 Labs,$0.5748,"$52,434,600","$6,867,516","91,221,244 DEAI"
Across Protocol,$0.3783,"$52,235,023","$2,238,890","138,063,734 ACX"
LTO Network,$0.12,"$52,022,023","$3,327,199","433,506,028 LTO"
smARTOFGIVING,$0.7025,"$51,834,039",,"73,780,484 AOG"
Aavegotchi,$0.9733,"$51,337,070","$11,791,340","52,747,801 GHST"
Bluzelle,$0.1134,"$50,999,418","$9,886,965","449,800,761 BLZ"
Aergo,$0.1095,"$50,900,749","$96,396,921","464,999,998 AERGO"
ViciCoin,$22.26,"$50,732,183","$281,173","2,279,555 VCNT"
Sweat Economy,$0.007578,"$50,717,691","$14,177,849","6,692,780,974 SWEAT"
Bitcoin Palladium,$20.46,"$50,687,930",,"2,476,893 BTCP"
Pangolin,$0.2327,"$50,813,465","$4,036,885","218,373,971 PNG"
Star Atlas,$0.002905,"$50,344,565","$4,916,845","17,327,827,330 ATLAS"
Heroes of Mavia,$1.45,"$50,169,000","$18,022,332","34,594,764 MAVIA"
Dimitra,$0.1022,"$49,718,687","$1,323,902","486,503,182 DMTR"
Gearbox Protocol,$0.004945,"$49,446,003","$772,518","10,000,000,000 GEAR"
Goldfinch,$1.69,"$49,344,720","$4,604,128","29,135,286 GFI"
Grok,$0.007791,"$49,244,434","$11,970,542","6,320,722,799 GROK"
PlatON,$0.008114,"$48,909,579","$7,401,139","6,027,802,843 LAT"
Forta,$0.1014,"$48,767,618","$940,747","480,734,585 FORT"
Automata Network,$0.09065,"$48,760,382","$7,597,519","537,900,979 ATA"
GamerCoin,$0.07476,"$48,593,985","$3,825,575","649,965,123 GHX"
Lift Dollar,$0.9995,"$48,360,355",,"48,385,964 USDL"
WazirX,$0.126,"$48,124,067","$1,821,404","381,856,872 WRX"
GmeStop,$0.006949,"$47,847,360","$36,626,163","6,885,214,218 GME"
Green Satoshi Token (SOL),$0.02125,"$47,671,315","$24,994,614","2,243,528,455 GST"
SelfieDogCoin,$0.04813,"$47,349,934","$2,707,636","983,717,932 SELFIE"
Onyxcoin,$0.001533,"$47,214,289","$5,901,115","30,790,293,735 XCN"
DEXTools,$0.5987,"$46,534,395","$485,057","77,731,036 DEXT"
Shadow Token,$0.2876,"$46,450,616","$977,340","161,534,673 SHDW"
Kishu Inu,$0.094955,"$46,152,080","$10,976,516","93,136,097,121,133,936 KISHU"
Kujira,$0.3769,"$46,108,295","$703,212","122,349,807 KUJI"
Ice Open Network,$0.006967,"$46,089,407","$15,460,142","6,615,204,261 ICE"
Perpetual Protocol,$0.6962,"$45,951,302","$17,444,418","66,002,157 PERP"
RARI,$1.86,"$45,944,334","$1,592,834","24,712,053 RARI"
GEODNET,$0.2313,"$45,833,426","$543,389","198,173,857 GEOD"
Propbase,$0.1211,"$45,700,516","$2,069,106","377,251,554 PROPS"
Tokemak,$0.569,"$45,568,645","$251,088","80,083,577 TOKE"
Assemble AI,$0.03023,"$45,350,924","$5,120,613","1,500,000,000 ASM"
Myria,$0.001825,"$45,305,071","$2,502,620","24,822,980,811 MYRIA"
Luckycoin,$2.33,"$44,985,922","$255,008","19,326,319 LKY"
crow with knife,$0.075805,"$44,691,484","$3,465,892","769,861,397,731,578 CAW"
Bitget Wallet Token,$0.3074,"$43,934,289","$4,937,733","142,920,247 BWB"
Ampleforth Governance Token,$3.08,"$43,908,739","$2,636,663","14,263,553 FORTH"
Ribbon Finance,$0.3808,"$43,192,250","$622,340","113,416,878 RBN"
Alchemix,$18.47,"$43,431,958","$7,704,747","2,351,829 ALCX"
OctaSpace,$1.30,"$43,380,669","$740,649","33,282,320 OCTA"
Strike,$8.08,"$43,319,226","$34,412,345","5,363,375 STRK"
PaLM AI,$0.5565,"$43,017,528","$598,255","77,300,000 PALM"
Billy,$0.04589,"$42,957,130","$45,389,924","936,137,657 BILLY"
Enzyme,$16.04,"$42,782,970","$4,897,664","2,667,592 MLN"
LooksRare,$0.04269,"$42,688,202","$5,326,165","999,941,673 LOOKS"
Everscale,$0.02144,"$42,562,325","$129,162","1,985,523,482 EVER"
Aleph.im,$0.1714,"$42,363,629","$973,455","247,220,482 ALEPH"
Hunt Town,$0.3356,"$42,338,878","$19,661,322","126,167,678 HUNT"
Elastos,$1.89,"$42,175,134","$808,905","22,336,382 ELA"
Victoria VR,$0.007857,"$41,924,356","$1,947,901","5,336,247,368 VR"
MAP Protocol,$0.008133,"$41,869,740","$2,106,870","5,148,263,729 MAPO"
Hacken Token,$0.04947,"$41,797,971","$239,631","844,959,632 HAI"
Philtoken,$0.04167,"$41,674,368","$12,536,600","1,000,000,000 PHIL"
Alkimi,$0.1757,"$41,650,895","$173,713","236,991,084 ADS"
MCOIN,$0.2349,"$41,580,009","$3,115,270","177,000,000 MCOIN"
Gelato,$0.1914,"$41,472,905","$261,402","216,738,328 GEL"
Star Atlas DAO,$0.155,"$41,437,749","$775,036","267,322,968 POLIS"
Pixer Eternity,$0.01325,"$41,390,554","$964,605","3,123,613,471 PXT"
Kendu Inu,$0.0000436,"$41,353,929","$636,715","948,428,147,258 KENDU"
Propchain,$1.81,"$41,275,533","$2,419,469","22,838,817 PROPC"
SIDUS,$0.004393,"$41,103,117","$1,405,839","9,356,868,845 SIDUS"
TROY,$0.004751,"$40,975,202","$73,608,120","8,625,000,000 TROY"
DIMO,$0.1651,"$40,679,613","$649,145","246,335,834 DIMO"
MSTR2100,$1.97,"$40,672,376","$8,917,984","20,645,815 MSTR"
Steem Dollars,$2.95,"$40,608,859","$17,011,512","13,783,294 SBD"
ThunderCore,$0.003559,"$40,526,092","$42,306,797","11,385,740,378 TT"
Thala,$0.8223,"$40,306,379","$1,269,243","49,015,380 THL"
Connex,$34.79,"$40,284,830","$199,259","1,158,000 CONX"
Bella Protocol,$0.556,"$40,187,606","$11,252,007","72,274,376 BEL"
Whiteheart,"$4,516.83","$40,145,557",,"8,888 WHITE"
Wanchain,$0.2016,"$39,997,027","$2,224,643","198,354,701 WAN"
Dego Finance,$1.90,"$39,808,070","$3,490,251","20,997,213 DEGO"
Ultiverse,$0.01412,"$39,805,636","$7,330,810","2,820,000,000 ULTI"
OX Coin,$0.01001,"$39,782,914","$2,152,188","3,975,794,531 OX"
Streamr,$0.03678,"$39,661,737","$5,862,950","1,078,403,853 DATA"
Dolan Duck,$0.4036,"$39,646,415","$2,956,617","98,235,225 DOLAN"
Isiklar Coin,$0.3957,"$39,570,643","$4,254,667","100,000,000 ISIKC"
ORIGYN,$0.00501,"$39,224,589","$223,088","7,828,640,875 OGY"
district0x,$0.03908,"$39,079,562","$1,792,872","1,000,000,000 DNT"
Sologenic,$0.09752,"$39,003,860","$562,961","399,947,699 SOLO"
ZEON,$0.001276,"$38,953,245","$7,384","30,529,103,436 ZEON"
Flamingo,$0.06146,"$38,860,800","$7,778,128","632,340,742 FLM"
Tether EURt,$1.07,"$38,760,362","$2,518,135","36,387,340 EURt"
Pirate Chain,$0.1967,"$38,595,555","$82,596","196,213,798 ARRR"
Eurite,$1.07,"$38,477,851","$38,066,807","36,126,631 EURI"
Locus Chain,$0.01848,"$38,459,929","$442,416","2,081,062,787 LOCUS"
Ren,$0.03847,"$38,432,758","$15,510,945","999,127,500 REN"
Sentinel Protocol,$0.07679,"$38,383,888",$882,"499,844,212 UPP"
Decentralized Social,$4.32,"$38,341,788","$707,139","8,884,536 DESO"
Boson Protocol,$0.2804,"$38,166,133","$1,294,696","136,099,636 BOSON"
OMG Network,$0.272,"$38,148,931","$11,034,061","140,245,398 OMG"
WHY,$0.079075,"$38,115,100","$10,086,581","420,000,000,000,000 WHY"
Persistence One,$0.1782,"$38,030,408","$486,066","213,368,953 XPRT"
FirmaChain,$0.04132,"$38,027,412","$37,426,184","920,276,996 FCT"
Pirate Nation,$0.1597,"$37,974,391","$1,149,899","237,813,528 PIRATE"
Concordium,$0.003454,"$37,941,147","$226,706","10,986,078,109 CCD"
Beta Finance,$0.04382,"$37,643,983","$6,209,510","859,090,909 BETA"
Matr1x,$0.287,"$37,454,283","$34,412,460","130,520,000 MAX"
Electroneum,$0.002083,"$37,444,642","$1,163,797","17,979,817,605 ETN"
Doge Eat Doge,$0.061206,"$37,406,390","$2,392,031","310,000,000,000,000 OMNOM"
Polymath,$0.04035,"$37,324,551","$11,554","924,998,413 POLY"
Contentos,$0.007191,"$37,226,438","$20,906,219","5,176,458,774 COS"
RAMP,$0.07777,"$37,162,151","$4,396","477,838,740 RAMP"
Mr Miggles,$0.03878,"$37,130,013","$4,677,207","957,371,091 MIGGLES"
OmniFlix Network,$0.1467,"$36,798,499","$81,279","250,758,585 FLIX"
Litentry,$0.6598,"$36,771,030","$22,797,543","55,730,862 LIT"
LimeWire,$0.1212,"$36,473,720","$5,825,215","300,989,927 LMWR"
Tenset,$0.2578,"$36,040,535","$706,183","139,773,555 10SET"
League of Kingdoms Arena,$0.1977,"$35,929,793","$6,756,786","181,771,893 LOKA"
MESSIER,$0.00004049,"$35,831,310","$672,916","884,846,293,944 M87"
RichQUACK.com,$0.098126,"$35,822,932","$403,596","44,085,961,274,152,304 QUACK"
Ginnan The Cat,$0.055178,"$35,730,516","$15,400,909","6,899,998,362,189 GINNAN"
GameFi.org,$3.26,"$35,730,216","$573,603","10,945,063 GAFI"
Celo Dollar,$0.9999,"$35,553,598","$5,543,916","35,554,166 CUSD"
Ampleforth,$1.25,"$35,451,049","$1,789,736","28,274,494 AMPL"
The Root Network,$0.02447,"$35,408,830","$5,053,654","1,446,820,515 ROOT"
PolySwarm,$0.01875,"$35,344,376","$2,383,822","1,885,500,782 NCT"
Stader,$0.8654,"$35,275,985","$10,053,370","40,763,114 SD"
MOO DENG (moodeng.vip),$0.00008586,"$35,072,608","$5,105,775","408,508,097,037 MOODENG"
ResearchCoin,$0.3678,"$35,022,012","$35,169","95,213,466 RSC"
MetaMAFIA,$0.1291,"$34,951,674","$279,151","270,712,816 MAF"
NULS,$0.315,"$34,807,113","$7,185,569","110,510,480 NULS"
LinqAI,$0.1548,"$34,790,986","$793,113","224,753,843 LNQ"
Altura,$0.03492,"$34,574,636","$11,607,667","990,000,000 ALU"
Groestlcoin,$0.3998,"$34,501,381","$13,573,222","86,300,634 GRS"
Games for a Living,$0.01098,"$34,374,826","$814,994","3,130,615,040 GFAL"
Doge Killer,$322.09,"$34,262,376","$4,934,342","106,377 LEASH"
Viction,$0.352,"$34,080,277","$3,211,361","96,830,754 VIC"
HyperCycle,$0.2192,"$34,006,799","$129,879","155,122,742 HYPC"
Voxies,$0.1619,"$33,828,752","$15,050,106","208,945,834 VOXEL"
StaFi,$0.3233,"$33,812,053","$7,973,079","104,598,941 FIS"
Puffer,$0.3301,"$33,775,117","$76,974,857","102,306,717 PUFFER"
ROGin AI,$0.5004,"$33,518,689","$2,938,499","66,989,874 ROG"
Basenji,$0.03635,"$33,516,054","$3,054,932","922,044,870 BENJI"
Komodo,$0.2457,"$33,407,872","$2,075,040","135,953,876 KMD"
Verasity,$0.003391,"$33,383,486","$11,856,740","9,844,270,142 VRA"
dForce,$0.03329,"$33,289,243","$1,790,059","999,926,147 DF"
FEED EVERY GORILLA,$0.0004131,"$33,275,296","$349,265","80,541,528,882 FEG"
Energy Web Token,$1.10,"$33,128,648","$1,745,839","30,062,138 EWT"
VAIOT,$0.0947,"$32,953,672","$608,154","347,983,063 VAI"
Paris Saint-Germain Fan Token,$2.71,"$32,799,464","$8,266,083","12,089,007 PSG"
Samoyedcoin,$0.008947,"$32,719,876","$3,012,795","3,657,134,467 SAMO"
Graphlinq Chain,$0.09576,"$32,560,044","$2,497,560","339,999,895 GLQ"
Moss Coin,$0.07724,"$32,557,352","$12,112,337","421,489,688 MOC"
Numbers Protocol,$0.04642,"$32,500,697","$1,020,182","700,116,242 NUM"
THE BALKAN DWARF,$0.0008291,"$32,382,668","$2,053,038","39,058,005,061 KEKEC"
Jesus Coin,$0.062137,"$32,357,241","$477,226","151,426,487,242,538 JESUS"
Bitgert,$0.078173,"$32,338,273","$14,068,016","395,688,215,721,653 BRISE"
MATH,$0.2807,"$32,102,930","$1,587,633","114,356,164 MATH"
Biswap,$0.06188,"$31,970,987","$12,652,050","516,665,950 BSW"
Scallop,$0.5217,"$31,940,215","$15,968,335","61,226,334 SCA"
Kin,$0.0000115,"$31,722,671","$276,159","2,757,861,681,637 KIN"
Boba Network,$0.1837,"$31,533,957","$4,238,103","171,624,232 BOBA"
Foxsy AI,$0.07799,"$31,466,842","$1,107,282","403,468,727 FOXSY"
Orderly Network,$0.1568,"$31,416,486","$26,447,371","200,423,318 ORDER"
Nimiq,$0.002473,"$31,023,310","$243,440","12,542,593,635 NIM"
Linear Finance,$0.004391,"$31,016,350","$23,421,290","7,063,798,599 LINA"
CLV,$0.03094,"$30,939,679","$11,326,627","1,000,000,000 CLV"
Tranchess,$0.1614,"$30,871,914","$6,429,884","191,220,338 CHESS"
Measurable Data Token,$0.04559,"$30,825,742","$7,837,611","676,157,013 MDT"
FractonX,$0.3514,"$30,741,135","$2,029,891","87,472,220 FT"
AIT Protocol,$0.1083,"$30,648,646","$1,267,225","282,869,234 AIT"
WhiteCoin,$0.04007,"$30,626,311","$271,034","764,324,623 XWC"
IDEX,$0.03769,"$30,433,913","$5,362,911","807,488,993 IDEX"
FUNToken,$0.002801,"$30,372,333","$4,773,273","10,843,201,660 FUN"
Shuffle,$0.2899,"$30,311,648","$1,214,107","104,564,426 SHFL"
QuickSwap [Old],$40.36,"$30,082,378","$41,473","745,260 QUICK"
Reef,$0.001317,"$30,052,210","$15,277,283","22,821,409,581 REEF"
COMBO,$0.422,"$29,984,876","$7,566,863","71,051,748 COMBO"
ChainSwap,$0.03215,"$29,714,394","$368,875","924,289,610 CSWAP"
Wirex Token,$0.002969,"$29,688,177","$1,484,678","10,000,000,000 WXT"
Hathor,$0.06474,"$29,686,195","$712,839","458,528,489 HTR"
Ultra,$0.07577,"$29,664,007","$1,607,059","391,509,626 UOS"
Nexera,$0.03608,"$29,610,277","$383,860","820,713,704 NXRA"
MAGA,$0.00007583,"$29,591,608","$21,834,526","390,258,895,840 MAGA"
Sovryn,$0.4618,"$29,538,328","$61,780","63,962,019 SOV"
Numogram,$0.02942,"$29,415,035","$25,950,871","1,000,000,000 GNON"
AhaToken,$0.005138,"$29,412,774","$27,529,016","5,724,667,221 AHT"
Self Chain,$0.3016,"$29,259,230","$23,261,927","97,000,000 SLF"
Moon Tropica,$13.07,"$29,230,680","$276,710","2,236,269 CAH"
Dynex,$0.2981,"$29,071,053","$1,410,741","97,531,508 DNX"
Stronghold Token,$0.00501,"$29,025,097","$304,146","5,793,905,044 SHX"
Alpha Quark Token,$1.08,"$29,011,591","$81,523,479","26,806,201 AQT"
Koala AI,$0.05318,"$28,969,298","$888,741","9,110,383,747,597 KOKO"
BIM,$1.14,"$28,936,564","$80,295","25,455,074 BIM"
Reserve Dollar,$0.9998,"$28,843,884",,"28,850,667 RSV"
Cream Finance,$15.53,"$28,816,620","$4,372,754","1,855,659 CREAM"
Quickswap [New],$0.03858,"$28,753,642","$8,206,851","745,258,954 QUICK"
Harvest Finance,$42.60,"$28,634,937","$1,992,837","672,183 FARM"
nubcat,$0.02993,"$28,428,797","$6,974,836","950,000,253 NUB"
Shoggoth (shoggoth.monster),$0.02833,"$28,331,744","$10,393,301","1,000,000,000 SHOGGOTH"
GT Protocol,$0.6761,"$28,313,336","$6,422,494","41,874,835 GTAI"
SolCex,$0.036,"$28,077,287","$1,600,479","780,000,000 SOLCEX"
Shrapnel,$0.03848,"$28,151,531","$12,489,642","731,565,408 SHRAP"
Polkastarter,$0.2831,"$28,084,721","$1,078,041","99,209,632 POLS"
DecideAI,$0.05746,"$28,078,727","$418,643","488,677,471 DCD"
Artrade,$0.01785,"$27,945,088","$426,126","1,565,911,917 ATR"
VIDT DAO,$0.03319,"$27,958,635","$12,170,804","842,320,913 VIDT"
Cornucopias,$0.0304,"$27,872,618","$347,809","916,896,822 COPI"
nomnom,$0.02874,"$27,800,324","$10,747,949","967,206,795 NOMNOM"
Minswap,$0.02568,"$27,791,202","$213,338","1,082,367,249 MIN"
Brickken,$0.4477,"$27,734,786","$1,851,135","61,953,557 BKN"
DEAPcoin,$0.0009842,"$27,584,197","$1,824,955","28,026,332,268 DEP"
Masa,$0.07718,"$27,570,420","$11,895,903","357,230,961 MASA"
Guild of Guardians,$0.04131,"$27,559,709","$1,621,723","667,217,335 GOG"
Electronic USD,$0.9989,"$27,463,664","$344,115","27,494,711 eUSD"
Opulous,$0.07589,"$27,459,144","$1,631,432","361,815,607 OPUL"
BOB (ETH),$0.00003964,"$27,316,570","$5,882,290","689,127,646,403 BOB"
AXEL,$0.09585,"$27,136,160","$7,733","283,102,718 AXEL"
AVA,$0.4883,"$27,108,511","$6,203,001","55,511,900 AVA"
BFG Token,$0.0241,"$27,063,578","$30,801","1,122,808,916 BFG"
Multibit,$0.02843,"$27,008,164","$7,807,116","950,000,000 MUBI"
Fractal Bitcoin,$4.62,"$26,742,123","$10,841,073","5,784,150 FB"
SaucerSwap,$0.03677,"$26,602,453","$880,822","723,426,536 SAUCE"
Botto,$0.5515,"$26,576,178","$419,971","48,191,635 BOTTO"
APX,$0.04791,"$26,511,894","$4,645,934","553,379,314 APX"
Tectonic,$0.061059,"$26,245,521","$927,753","247,733,879,909,099 TONIC"
Brainlet,$0.0273,"$26,018,059","$5,664,751","952,905,541 BRAINLET"
PlayDapp,$0.0432,"$25,996,271","$7,135,678","601,810,482 PDA"
XSGD,$0.7511,"$25,856,666","$310,999","34,424,079 XSGD"
xMoney,$0.03669,"$25,832,582","$3,153,738","704,112,145 UTK"
Alpaca Finance,$0.1703,"$25,687,032","$14,133,130","150,864,017 ALPACA"
Jen-Hsun Huang,$0.052636,"$25,451,119","$415,947","9,655,878,669,545 JHH"
Law Blocks (AI),$0.1036,"$25,374,384","$81,945","244,997,988 LBT"
AdEx,$0.1751,"$25,227,583","$16,818,333","144,046,027 ADX"
PAC Protocol,$0.001446,"$25,224,130",$269,"17,442,599,179 PAC"
Fluence,$0.2826,"$25,215,245","$1,064,606","89,223,143 FLT"
IRISnet,$0.01545,"$25,110,226","$1,659,295","1,625,054,176 IRIS"
WAGMI Games,$0.00001386,"$25,004,598","$606,745","1,804,354,666,195 WAGMIGAMES"
Prosper,$0.5438,"$25,004,968","$8,995,041","45,984,725 PROS"
Commune AI,$0.2474,"$24,923,762","$562,805","100,735,860 COMAI"
Cook Finance,$0.02844,"$24,849,084","$2,403,674","873,630,735 COOK"
Dora Factory,$0.04625,"$24,846,698","$641,711","537,277,116 DORA"
Wing Finance,$5.27,"$24,718,361","$5,027,962","4,686,658 WING"
PAID,$0.05764,"$24,678,250","$210,385","428,107,911 PAID"
Velas,$0.009292,"$24,646,903","$1,133,756","2,652,495,887 VLX"
Beefy,$306.72,"$24,537,505","$1,138,725","80,000 BIFI"
FIO Protocol,$0.03081,"$24,533,909","$27,034,613","796,403,758 FIO"
hehe,$0.02881,"$24,215,105","$2,586,827","840,606,180 HEHE"
BurgerCities,$0.4036,"$24,162,627","$20,146,877","59,860,978 BURGER"
Coreum,$0.06266,"$24,111,107","$140,954","384,792,048 COREUM"
PARSIQ,$0.08404,"$23,972,661","$1,446,027","285,256,872 PRQ"
CEEK VR,$0.02959,"$23,840,422","$2,797,134","805,717,779 CEEK"
Santos FC Fan Token,$4.29,"$23,810,224","$36,762,130","5,546,061 SANTOS"
SIX,$0.02797,"$23,800,496","$2,333,897","850,966,610 SIX"
UniLend,$0.279,"$23,726,798","$2,120,683","85,050,222 UFT"
SAD HAMSTER,$0.02501,"$23,553,679","$2,054,384","941,901,250 HAMMY"
WeBuy,$0.06502,"$23,540,213","$64,430","362,031,240 WE"
MiraclePlay,$0.03398,"$23,531,712","$440,008","692,586,162 MPT"
Welshcorgicoin,$0.002349,"$23,487,618","$240,674","10,000,000,000 WELSH"
HyperGPT,$0.03871,"$23,479,977","$2,206,546","606,496,190 HGPT"
Shark Cat,$0.02367,"$23,427,031","$4,173,246","989,895,519 SC"
Devve,$0.3204,"$23,184,961","$446,969","72,353,710 DEVVE"
ASD,$0.03498,"$23,108,006","$1,138,177","660,615,274 ASD"
OG Fan Token,$5.58,"$23,018,467","$63,544,761","4,126,664 OG"
XeniosCoin,$0.3003,"$22,901,943",,"76,274,958 XNC"
Neon EVM,$0.3966,"$22,862,424","$4,660,391","57,651,000 NEON"
Tribal Finance,$0.29,"$22,883,486","$9,274","78,898,737 TRIBL"
AVINOC,$0.05849,"$22,766,531",,"389,244,472 AVINOC"
SPECTRE AI,$2.48,"$22,554,851","$214,039","9,093,998 SPECTRE"
Non-Playable Coin Solana,$0.02309,"$22,394,960","$1,412,525","969,714,773 NPCS"
cheqd,$0.03466,"$22,270,805","$518,238","642,492,815 CHEQ"
Impossible Finance Launchpad,$0.03274,"$22,263,051","$29,643","680,000,000 IDIA"
TRVL,$0.06482,"$22,252,218","$501,599","343,304,291 TRVL"
TokenPocket,$0.006399,"$22,181,465","$126,664","3,466,457,400 TPT"
Solama,$0.03389,"$22,162,028","$1,452,057","653,868,075 SOLAMA"
Clore.ai,$0.08853,"$22,086,750","$4,580,272","249,491,637 CLORE"
Partisia Blockchain,$0.08939,"$22,073,149","$295,970","246,927,907 MPC"
Stratos,$0.5693,"$22,088,180","$346,820","38,800,874 STOS"
StrikeX,$0.02543,"$22,052,526","$719,508","867,175,233 STRX"
XPR Network,$0.0008162,"$21,945,570","$1,566,071","26,886,996,577 XPR"
StorX Network,$0.06434,"$21,967,149","$816,056","341,427,504 SRX"
Pikaboss,$0.075213,"$21,930,282","$26,447","420,690,000,000,000 PIKA"
AirDAO,$0.006956,"$21,876,675","$5,478,049","3,145,044,468 AMB"
OORT,$0.09564,"$21,789,290","$1,759,839","227,822,212 OORT"
Kava Lend,$0.1614,"$21,749,063","$16,002,739","134,791,668 HARD"
pSTAKE Finance,$0.04896,"$21,524,316","$1,984,638","439,651,042 PSTAKE"
ETHEREUM IS GOOD,$0.002156,"$21,556,041","$2,054,564","10,000,000,000 EBULL"
Gui Inu,$0.00003857,"$21,442,193","$2,567,323","555,895,061,727 GUI"
BobaCat,$0.03715,"$21,443,251","$1,111,120","577,172,773 PSPS"
ZTX,$0.005293,"$21,251,626","$2,243,796","4,015,011,825 ZTX"
Vertex Protocol,$0.05857,"$21,125,825","$1,451,846","360,714,923 VRTX"
Shapeshift FOX Token,$0.05554,"$20,948,278","$1,836,336","377,154,162 FOX"
Swarm,$0.4004,"$21,063,646","$3,588,171","52,600,661 BZZ"
Global Dollar,$1.00,"$21,061,898",$954,"21,048,205 USDG"
AI Companions,$0.06018,"$21,062,415","$4,648,795","349,999,200 AIC"
SelfKey,$0.003497,"$20,983,506","$7,174,214","5,999,999,954 KEY"
MON,$0.1022,"$20,964,241","$6,908,941","205,101,088 MON"
trac (Ordinals),$0.9919,"$20,829,004","$927,227","21,000,000 TRAC"
KYVE Network,$0.02848,"$20,917,224","$117,847","734,577,759 KYVE"
Oho,$0.0008663,"$20,899,016","$109,918","24,123,896,382 OHO"
Volt Inu,$0.063788,"$20,753,007","$396,437","54,766,287,142,827 VOLT"
Pandora,"$2,063.24","$20,632,432","$4,574,032","10,000 PANDORA"
Klever,$0.002309,"$20,508,833","$1,047,808","8,880,780,407 KLV"
Katana Inu,$0.0007558,"$20,576,665","$678,255","27,226,308,014 KATA"
SpaceN,$0.511,"$20,447,059","$11,858","40,010,000 SN"
Counterparty,$7.83,"$20,296,631",$325,"2,592,022 XCP"
UFO Gaming,$0.067759,"$19,988,851","$409,765","25,757,575,757,576 UFO"
Helium IOT,$0.000984,"$19,930,495","$1,628","20,254,029,551 IOT"
SingularityDAO,$0.2407,"$19,911,847","$479,347","82,733,204 SDAO"
NEOPIN,$0.1696,"$19,854,662","$1,823,933","117,090,024 NPT"
Galeon,$0.02769,"$19,898,057","$85,147","718,693,525 GALEON"
Veno Finance,$0.04199,"$19,924,919","$121,267","474,514,554 VNO"
Smog,$0.0255,"$19,867,617","$48,795","778,999,968 SMOG"
HOPR,$0.05822,"$19,864,071","$859,178","341,173,813 HOPR"
Polytrade,$0.5224,"$19,843,246","$904,032","37,984,484 TRADE"
Aura Finance,$0.3474,"$19,787,684","$9,678","56,958,983 AURA"
ELYSIA,$0.004399,"$19,764,820","$2,044,093","4,492,841,624 EL"
Swarm Markets,$0.2356,"$19,729,843","$406,775","83,740,173 SMT"
Mango,$0.01969,"$19,691,846","$42,624","1,000,000,000 MNGO"
Atlas Navi,$0.1884,"$19,542,823","$845,137","103,737,204 NAVI"
Troll,$0.072037,"$19,567,061","$3,070,711","960,420,000,000,000 TROLL"
Edelcoin,$0.9049,"$19,539,204","$1,725,161","21,592,038 EDLC"
FONSmartChain,$1.07,"$19,456,900","$188,568","18,211,506 FON"
e-Radix,$0.01552,"$19,016,898","$92,844","1,225,232,865 EXRD"
Dogechain,$0.0005819,"$19,224,327","$3,231,463","33,038,198,983 DC"
Peng,$0.1937,"$19,373,664","$5,849,008","99,999,979 PENG"
Hermez Network,$4.10,"$19,252,500","$47,380","4,700,000 HEZ"
Taraxa,$0.004061,"$19,257,755","$329,291","4,741,643,390 TARA"
PIVX,$0.2177,"$19,129,445","$6,155,072","87,856,972 PIVX"
Bitcoin Atom,$1.03,"$18,901,386",$8,"18,418,931 BCA"
ZUSD,$0.9938,"$18,895,387","$72,445","19,012,373 ZUSD"
Tarot,$0.2893,"$18,815,144","$308,034","65,035,453 TAROT"
SquidGrow,$0.01945,"$18,731,949","$823,982","963,023,698 SQGROW"
Dero,$1.30,"$18,678,086","$9,768","14,312,916 DERO"
Diamond,$4.78,"$18,337,606","$48,218","3,838,383 DMD"
ParagonsDAO,$0.1158,"$18,408,639","$65,220","158,936,556 PDT"
Amaterasu Omikami,$0.01942,"$18,388,978","$452,950","946,976,011 OMIKAMI"
Diamond Launch,$0.1909,"$18,368,003","$3,198,453","96,203,056 DLC"
Rupiah Token,$0.00006291,"$18,315,157","$21,606","291,132,793,120 IDRT"
FC Barcelona Fan Token,$2.09,"$18,296,869","$7,268,249","8,747,606 BAR"
Firo,$1.27,"$18,239,969","$1,824,550","14,336,087 FIRO"
Trump Derangement Syndrome (tearsforTDS),$0.01821,"$18,214,127","$4,655,328","999,999,949 TDS"
Dacxi,$0.002035,"$18,312,557","$16,626","9,000,000,000 DACXI"
GAMEE,$0.0134,"$18,133,209","$901,471","1,353,124,981 GMEE"
CateCoin,$0.063164,"$18,118,350","$456,453","57,273,090,946,281 CATE"
Pluton,$1.86,"$18,064,645","$642,322","9,693,017 PLU"
Rally,$0.003449,"$18,034,594","$3,793,604","5,229,669,275 RLY"
Kaon,$0.004045,"$17,946,546","$8,780,528","4,436,209,630 AKRO"
BIDR,$0.00006467,"$17,949,989",,"277,566,300,089 BIDR"
Blockchain Foundation for Innovation & Collaboration,$1.69,"$17,903,847","$2,571,141","10,578,424 BFIC"
MonaCoin,$0.2708,"$17,796,689","$314,810","65,729,675 MONA"
Blendr Network,$0.4384,"$17,636,325","$862,118","40,228,344 BLENDR"
DUKO,$0.001825,"$17,632,494","$4,540,779","9,663,955,990 DUKO"
Ancient8,$0.08279,"$17,634,447","$2,269,547","213,000,000 A8"
Defigram,$1.76,"$17,557,147","$3,559","10,000,000 DFG"
BlueMove,$0.09943,"$17,499,011","$278,829","176,000,000 MOVE"
Openfabric AI,$0.1423,"$17,468,530","$471,592","122,795,217 OFN"
Step Finance,$0.07866,"$17,416,888","$183,832","221,408,395 STEP"
DMAIL Network,$0.2566,"$17,415,968","$8,298,135","67,883,679 DMAIL"
Inverse Finance,$29.37,"$17,407,214","$378,210","592,743 INV"
Galxe,$1.84,"$17,317,180","$130,678","9,404,758 GAL"
Numerico,$0.1148,"$17,273,080","$325,292","150,400,834 NWC"
Gifto,$0.01662,"$17,233,914","$4,006,380","1,037,167,539 GFT"
r/CryptoCurrency Moons,$0.1609,"$17,182,545","$680,621","106,776,318 MOON"
Verified USD,$1.00,"$17,150,079","$148,175","17,141,815 USDV"
Hatom,$1.03,"$17,084,632","$445,701","16,667,457 HTM"
zKML,$0.1802,"$16,849,359","$258,125","93,489,600 ZKML"
Alpine F1 Team Fan Token,$1.50,"$17,014,514","$8,439,350","11,360,000 ALPINE"
Cat Own Kimono,$0.00001693,"$16,907,431","$1,593,903","998,607,362,396 COK"
Byte,$0.00001744,"$16,818,014","$299,578","964,467,033,477 BYTE"
Metacade,$0.01259,"$16,757,526","$1,295,261","1,330,753,754 MCADE"
Tron Bull,$0.01675,"$16,746,558","$1,674,037","999,999,997 TBULL"
Klaus,$0.01656,"$16,559,431","$3,289,648","1,000,000,000 KLAUS"
Mode,$0.01271,"$16,526,282","$1,616,328","1,300,000,000 MODE"
Quantum Resistant Ledger,$0.2427,"$16,490,294","$256,586","67,937,170 QRL"
Nine Chronicles,$0.03892,"$16,450,808","$440,538","422,658,653 WNCG"
Gaimin,$0.0007819,"$16,514,925","$841,586","21,120,636,640 GMRX"
LumiWave,$0.0213,"$16,403,865","$1,666,403","770,075,466 LWA"
Ellipsis,$0.02262,"$16,368,395",$437,"723,701,572 EPS"
Manchester City Fan Token,$2.07,"$16,301,643","$3,945,085","7,872,311 CITY"
Vectorspace AI,$0.3271,"$16,195,864","$138,114","49,517,054 VXV"
zkLink,$0.1194,"$16,279,990","$11,846,862","136,375,000 ZKL"
Kasta,$0.02429,"$16,220,272","$964,460","667,774,526 KASTA"
UNS TOKEN,$0.1534,"$16,198,829","$1,775","105,604,200 UNS"
Castello Coin,$0.07624,"$16,188,143",$154,"212,328,507 CAST"
Phantasma,$0.1333,"$16,545,067","$2,217,635","124,129,198 SOUL"
Decimal,$0.001428,"$15,878,120","$1,204","11,121,003,896 DEL"
Bitcoin Diamond,$0.0846,"$15,776,912","$57,863","186,492,898 BCD"
Cryptex Finance,$2.35,"$15,760,054","$373,090","6,716,357 CTX"
Dimecoin,$0.0000327,"$15,642,773",,"478,333,438,962 DIME"
Moonchain,$0.005846,"$15,578,441","$2,042,244","2,664,965,800 MXC"
Pepe 2.0,$0.073308,"$15,512,234","$2,956,536","469,000,000,000,000 PEPE2.0"
NuNet,$0.03029,"$15,271,212","$199,938","504,084,665 NTX"
Cere Network,$0.002206,"$15,308,676","$470,034","6,939,923,952 CERE"
Viberate,$0.07675,"$15,350,295","$4,119,035","199,995,000 VIB"
Synesis One,$0.03363,"$15,345,308","$1,467,351","456,252,758 SNS"
iMe Lab,$0.0353,"$15,274,980","$441,727","432,774,153 LIME"
Morpheus.Network,$0.3242,"$15,297,499","$132,126","47,180,014 MNW"
S.S. Lazio Fan Token,$1.77,"$15,204,775","$8,409,666","8,600,000 LAZIO"
Data Ownership Protocol,$0.001757,"$15,086,929","$8,053,457","8,586,834,493 DOP"
Blocksquare Token,$0.2883,"$14,970,964","$296,360","51,927,061 BST"
Pitbull,$0.093739,"$15,029,222","$303,582","40,192,158,063,660,000 PIT"
Lumerin,$0.02461,"$14,926,883","$246,860","606,615,000 LMR"
Cellframe,$0.5154,"$14,739,256","$1,401,088","28,599,168 CELL"
DeFi Kingdoms,$0.1296,"$14,710,454","$74,045","113,537,457 JEWEL"
UNCX Network,$315.89,"$14,711,770","$19,637","46,573 UNCX"
Aurory,$0.2274,"$14,707,405","$179,795","64,667,023 AURY"
Sentinel,$0.0007229,"$14,678,340","$287,852","20,305,796,735 DVPN"
RocketX exchange,$0.1564,"$14,654,159","$160,966","93,691,309 RVF"
SwissCheese,$0.3746,"$14,645,875","$1,124,285","39,098,812 SWCH"
RealGOAT,$0.066933,"$14,558,328","$70,573","21,000,000,000,000 RGOAT"
Soil,$0.7567,"$14,556,566","$129,852","19,236,778 SOIL"
AirSwap,$0.08333,"$14,539,946","$1,932,748","174,479,533 AST"
Azuro Protocol,$0.08836,"$14,297,082","$821,717","161,800,548 AZUR"
ParaSwap,$0.0191,"$14,231,712","$540,067","744,976,909 PSP"
Decubate,$0.03805,"$14,269,314","$181,940","375,027,526 DCB"
LandWolf (SOL),$0.00141,"$14,102,766","$270,483","9,999,832,346 WOLF"
Cratos,$0.000287,"$14,147,327","$3,901,119","49,299,676,745 CRTS"
LOBO•THE•WOLF•PUP,$0.0008752,"$14,342,062","$834,948","16,387,781,650 LOBO"
Rake Coin,$0.0002007,"$14,024,963","$80,813","69,876,869,232 RAKE"
Quiztok,$0.001421,"$14,262,185","$735,241","10,039,159,069 QTCON"
DFI.Money,$362.02,"$13,972,431","$4,323,524","38,596 YFII"
Colony,$0.1296,"$14,011,378","$70,175","108,075,191 CLY"
Arianee,$0.1297,"$13,925,140",$159,"107,371,813 ARIA20"
Hegic,$0.01975,"$13,897,872","$75,809","703,727,349 HEGIC"
DeFiChain,$0.01625,"$13,471,720","$1,126,722","828,938,980 DFI"
UNI,$0.01378,"$13,781,302","$1,515,549","1,000,000,000 UNI"
Kryll,$0.3734,"$13,782,584","$490,267","36,911,369 KRL"
